Core checksum filename	Core checksum
O10-01_S14_L005_R1_001.fastq.gz	f388ad0ac5a616c7ffc31be282f29f51
O10-01_S14_L006_R1_001.fastq.gz	36a11211824a087b113943bae7579c59
O10-01_S14_L007_R1_001.fastq.gz	ae61d33898077d9155a212973d729dad
O10-01_S14_L008_R1_001.fastq.gz	b9337292042be39e6c10090dbefac8ee
O10-02_S15_L005_R1_001.fastq.gz	bcf2e61a33a5131f31d7a7352ef5607a
O10-02_S15_L006_R1_001.fastq.gz	dd14d3f3a51e4b46ddb025a0ad217ed0
O10-02_S15_L007_R1_001.fastq.gz	d686414545f4aa576b0407b0047faf6c
O10-02_S15_L008_R1_001.fastq.gz	595f72c7574fde74a3dff4b7a64ce1f4
O10-03_S1_L001_R1_001.fastq.gz	9fa34912fd9fd5a6af14834199f17b43
O10-03_S1_L002_R1_001.fastq.gz	302387c12b6641860f2444844e9a2413
O10-03_S1_L003_R1_001.fastq.gz	4cf201d6eb5001df85f85533b31895f9
O10-03_S1_L004_R1_001.fastq.gz	414cf1e223b6f08d38bc4e85dddd1b02
O10-04_S5_L001_R1_001.fastq.gz	784739b165a9adaf579394d7f311b93f
O10-04_S5_L002_R1_001.fastq.gz	360b587ea822cca32ce326bb04d3bfcd
O10-04_S5_L003_R1_001.fastq.gz	f3f71d63a9d03ef00d22ac3c6b36f234
O10-04_S5_L004_R1_001.fastq.gz	0120627a4a5a2b3d8a9ddce6ee6afbfb
O10-05_S4_L001_R1_001.fastq.gz	6778ae406a16167bd73502a562bd73ac
O10-05_S4_L002_R1_001.fastq.gz	8dde9f2760d6d9c2ec1db18cc6d4111a
O10-05_S4_L003_R1_001.fastq.gz	7277189a6bb60d204b405002f59aa9f5
O10-05_S4_L004_R1_001.fastq.gz	989f93835c778e8b6ce9b867d91f44dc
O10-06_S10_L005_R1_001.fastq.gz	c4d6442fd13abbb55cf132fe6a2e9346
O10-06_S10_L006_R1_001.fastq.gz	48f027209b1e6fb8a42268fc0ac3404e
O10-06_S10_L007_R1_001.fastq.gz	b41c9e04f07a20ab8f9fe2d488648c92
O10-06_S10_L008_R1_001.fastq.gz	b70047f0a12a587a677feaf55bef415f
O10-07_S11_L005_R1_001.fastq.gz	ca10e22d63ac09b04dfed8d3d31a06f4
O10-07_S11_L006_R1_001.fastq.gz	f5ea24fc41d93f14cc477498b716476b
O10-07_S11_L007_R1_001.fastq.gz	b02b1ce75001fd28c1f8072238292de5
O10-07_S11_L008_R1_001.fastq.gz	810057059a259ce94a7721001a509619
O10-08_S8_L001_R1_001.fastq.gz	a084ccd577c4e736d10d7d59d786195c
O10-08_S8_L002_R1_001.fastq.gz	6771714fb34181312b986af5b1ef107c
O10-08_S8_L003_R1_001.fastq.gz	9c01d763e4a1ebfdfa9592fddcbc3f25
O10-08_S8_L004_R1_001.fastq.gz	47c32e3c75a7c4d0ecc77ee23d13ef5d
O10-09_S10_L005_R1_001.fastq.gz	5e82f426a937befbe4f6102b6cbccfe2
O10-09_S10_L006_R1_001.fastq.gz	3d521da8a73f06fe022c5203351b9f5f
O10-09_S10_L007_R1_001.fastq.gz	438ab178b74b2c8ef981acf9b636fcab
O10-09_S10_L008_R1_001.fastq.gz	e40fc13f9495830100b0e9fc8619edce
O10-10_S8_L001_R1_001.fastq.gz	53b99446b82fa5e7b22cb46ef2695317
O10-10_S8_L002_R1_001.fastq.gz	a88f70c27963e938050db7c8edab5ab6
O10-10_S8_L003_R1_001.fastq.gz	aca8040245ec06ab81bb7eab7e1f4584
O10-10_S8_L004_R1_001.fastq.gz	0ab4e23249a306e08f0bf839f769db96
O10-11_S7_L001_R1_001.fastq.gz	40498585ba95f3c70641b3cddcda8f0e
O10-11_S7_L002_R1_001.fastq.gz	7179a9bb002c2adfb069f89cf0b6d2d8
O10-11_S7_L003_R1_001.fastq.gz	63d3e8cdc099491dd88cd9a9354f3be9
O10-11_S7_L004_R1_001.fastq.gz	00a4913d5e7f16c227291baf801607e8
O10-12_S3_L001_R1_001.fastq.gz	9c375d0a169cda757f72d56c8f33c0ee
O10-12_S3_L002_R1_001.fastq.gz	43883228393a040e978e6e52554b8db9
O10-12_S3_L003_R1_001.fastq.gz	00ed614469546c173f161f948a302e50
O10-12_S3_L004_R1_001.fastq.gz	ab5092cf49537dbfba9bafbf5b667aa0
O10-13_S9_L005_R1_001.fastq.gz	ddce79727aae05fbf71c9f904ac88285
O10-13_S9_L006_R1_001.fastq.gz	a097aac870d9d8042262999cabf0ae78
O10-13_S9_L007_R1_001.fastq.gz	2d3ae78d1839772d8c766285f72671fd
O10-13_S9_L008_R1_001.fastq.gz	5a7229468a707e921754ffa858902428
O10-14_S14_L005_R1_001.fastq.gz	49dcf7752f243a87ce6cba2a7288078f
O10-14_S14_L006_R1_001.fastq.gz	803f66772104c5a2754e9b4dd8acb317
O10-14_S14_L007_R1_001.fastq.gz	17d50b3af72be8a5ede94e07dbbaa2d6
O10-14_S14_L008_R1_001.fastq.gz	62b71ef408eee2c9893d3c9c97d74d9b
O10-15_S4_L001_R1_001.fastq.gz	6e7d2d95f988c6a811a9512c90bfb96f
O10-15_S4_L002_R1_001.fastq.gz	da1e1a4d2f0d0d329e53e2f71d01cf3a
O10-15_S4_L003_R1_001.fastq.gz	24ec4196dd114051162ad3a8940f8004
O10-15_S4_L004_R1_001.fastq.gz	c8e8c364ae4f0e53f8e5e9cd248e9877
O10-16_S13_L005_R1_001.fastq.gz	9200395ec8dc0a6f805e2577765438d0
O10-16_S13_L006_R1_001.fastq.gz	83d3fa0db3fa837bc46998d2d1a360ac
O10-16_S13_L007_R1_001.fastq.gz	857f5cf0121f69c9b23fa12b20b7f635
O10-16_S13_L008_R1_001.fastq.gz	4a29e957ed59c68e3180aae89b845ddc
O11-01_S5_L001_R1_001.fastq.gz	791305208ddc720de648549c2a089386
O11-01_S5_L002_R1_001.fastq.gz	234257c29610a7a252ce41d104ed43bb
O11-01_S5_L003_R1_001.fastq.gz	40f5dda4d9abe0d2fd0ff944d775debc
O11-01_S5_L004_R1_001.fastq.gz	1cbd098bad4ea543287152bb50e542d9
O11-02_S2_L001_R1_001.fastq.gz	0033a8b816d13232c86fa55f8f47e279
O11-02_S2_L002_R1_001.fastq.gz	feb078c7a9561fc35f287666d6f85491
O11-02_S2_L003_R1_001.fastq.gz	261abe8f79654a52617cd944a3f81da8
O11-02_S2_L004_R1_001.fastq.gz	ae978097c1164596bd4b27a845683a86
O11-03_S12_L005_R1_001.fastq.gz	b7095f25904cbf1211adadbeeb75c066
O11-03_S12_L006_R1_001.fastq.gz	26acb118445384e19a870103e7641013
O11-03_S12_L007_R1_001.fastq.gz	cd91dc2f398ce68eacb83e89ca87273d
O11-03_S12_L008_R1_001.fastq.gz	f26a77dc38b269ec3af5971a5ae6f2b6
O11-04_S16_L005_R1_001.fastq.gz	90dc9e3db71243849f58c1ddbf77f096
O11-04_S16_L006_R1_001.fastq.gz	895756c6a517c6708b240e21091ff7ff
O11-04_S16_L007_R1_001.fastq.gz	ec4c5c64d80e35eb05f8588afd00ce7f
O11-04_S16_L008_R1_001.fastq.gz	44f85157c972f66e894f934b956f34a3
O11-05_S15_L005_R1_001.fastq.gz	59361af819d713211143700e5b26a0d0
O11-05_S15_L006_R1_001.fastq.gz	acf5bc8549653eef401f88e319796843
O11-05_S15_L007_R1_001.fastq.gz	7bc386b6bb8053abe1b942e77dfa9e7f
O11-05_S15_L008_R1_001.fastq.gz	b31ab46af618f852cb2ac6efbea95c5c
O11-06_S1_L001_R1_001.fastq.gz	326812ff26b490ba416eed83c5115ab3
O11-06_S1_L002_R1_001.fastq.gz	f100022f069e69b0046c66b91ad05c79
O11-06_S1_L003_R1_001.fastq.gz	ff9cb66abdda5768f16d1378d75f43d2
O11-06_S1_L004_R1_001.fastq.gz	485d88298f1b16fad0c1ca7cbdd45ce9
O11-07_S6_L001_R1_001.fastq.gz	20fc0408c5bb1a5bf33531bbf5ff54db
O11-07_S6_L002_R1_001.fastq.gz	a61fa9b7ef5c304d57d96cd2fe6f254b
O11-07_S6_L003_R1_001.fastq.gz	667981472f94218fd49a82f47a25681d
O11-07_S6_L004_R1_001.fastq.gz	23e412539515eb703cdf6238cae90170
O11-08_S11_L005_R1_001.fastq.gz	f06a652954c0c37d540fa817a52dec90
O11-08_S11_L006_R1_001.fastq.gz	82d22366b55b267ebb3c3fcff3c2a8d7
O11-08_S11_L007_R1_001.fastq.gz	dec74a2f4527b33452d611e7f3231798
O11-08_S11_L008_R1_001.fastq.gz	8d7b280b5824b73838beea1169b4b989
O11-09_S1_L001_R1_001.fastq.gz	fd0187644020c9030a6eae26eb75bc95
O11-09_S1_L002_R1_001.fastq.gz	4f4362a9bc5e59fcd507f92eebcb1508
O11-09_S1_L003_R1_001.fastq.gz	5fb6c11d5c20fd4b88a18bb1c089304f
O11-09_S1_L004_R1_001.fastq.gz	b5fe1d95cfbe87917419c440a0293099
O11-10_S6_L001_R1_001.fastq.gz	4ffb0193100538e9f85874896621d6c0
O11-10_S6_L002_R1_001.fastq.gz	a2dffe8a1a25539ff091d4e6e194266e
O11-10_S6_L003_R1_001.fastq.gz	c9b7360412ff2a476df9dd0bbc55c0e0
O11-10_S6_L004_R1_001.fastq.gz	3ac810a938c6778a4ae2af5df440310b
O11-11_S16_L005_R1_001.fastq.gz	ef1ac5764e290f1c1a45897b99d1d4b6
O11-11_S16_L006_R1_001.fastq.gz	09c357c6c1c075eb1992f18a1cb8f097
O11-11_S16_L007_R1_001.fastq.gz	f9eb49953e486d36043c14bc896750e6
O11-11_S16_L008_R1_001.fastq.gz	19fb6ea330cce43b87a36a311e88e05d
O11-12_S12_L005_R1_001.fastq.gz	4e39e562cc9e5905842ec55d74e0bb3d
O11-12_S12_L006_R1_001.fastq.gz	fb08b31d36e873ff159a35bb7950a9e3
O11-12_S12_L007_R1_001.fastq.gz	4f0792270d4c545c942a364204748a8f
O11-12_S12_L008_R1_001.fastq.gz	f9c951f8bd9a84a3cf24fd85f586d88e
O11-13_S11_L005_R1_001.fastq.gz	7b33592380c525d18dabd82662dce0e8
O11-13_S11_L006_R1_001.fastq.gz	a07221b248cb7dad83d893330ef0562e
O11-13_S11_L007_R1_001.fastq.gz	1979ff36852e5b093b80ddcf866b254f
O11-13_S11_L008_R1_001.fastq.gz	f0a10d60eb192580d7098e489f4f6f2c
O11-14_S5_L001_R1_001.fastq.gz	d496728a0e5bc41637cc4fdb0140f1af
O11-14_S5_L002_R1_001.fastq.gz	00e4e27690c8c2024f73889b9cb174db
O11-14_S5_L003_R1_001.fastq.gz	866c32164699c5e59f5ec34f2f4345f5
O11-14_S5_L004_R1_001.fastq.gz	664c96e9c0c635cb9101b2081a2d4d84
O11-15_S2_L001_R1_001.fastq.gz	22ad92fc356decbc21b43adbf4ad3b93
O11-15_S2_L002_R1_001.fastq.gz	5d77c1ee96bf8118bcf06c81e45c7dbe
O11-15_S2_L003_R1_001.fastq.gz	bca8b358a6ababa8693918d8ad3de424
O11-15_S2_L004_R1_001.fastq.gz	aa5a98065e281f420e48fc1f2434f6e7
O11-16_S15_L005_R1_001.fastq.gz	d3f4f9a4588aae31789a86cb9da2506e
O11-16_S15_L006_R1_001.fastq.gz	bc0d74542a75e3a288a2ae48a2f00435
O11-16_S15_L007_R1_001.fastq.gz	a7ac5738c5ffe8650512877c822826f4
O11-16_S15_L008_R1_001.fastq.gz	a8e02ed405c41b0bcfd3aadaa708f626
O13-10_S9_L005_R1_001.fastq.gz	2086d532a4c6566b93eb19e2958de31b
O13-10_S9_L006_R1_001.fastq.gz	6561a4c30fa3ef2abbc672c08726e534
O13-10_S9_L007_R1_001.fastq.gz	b48aa2abdf4270a60d45d487db7e3040
O13-10_S9_L008_R1_001.fastq.gz	c5eafbb8ec148583182c285e6710a4a8
O13-11_S10_L005_R1_001.fastq.gz	a2e36c355eada40dccf9211706da4007
O13-11_S10_L006_R1_001.fastq.gz	42a679167728286c30fb51e964b65ea0
O13-11_S10_L007_R1_001.fastq.gz	f56b3f353b097133d3d079d6a9f21f16
O13-11_S10_L008_R1_001.fastq.gz	a95547d64051be3f5bcdb4c0eb9a19a4
O13-12_S14_L005_R1_001.fastq.gz	ac03f6277d58b7dd6d73988baa465c83
O13-12_S14_L006_R1_001.fastq.gz	65da14668aa219e74c24255b15773ad6
O13-12_S14_L007_R1_001.fastq.gz	21384b31026fd5bbd542a6f7e71e93d6
O13-12_S14_L008_R1_001.fastq.gz	a77f157818398f280550bea6dddc0184
O13-13_S8_L001_R1_001.fastq.gz	46c7bbb1a305369f89b4d8753a3a09c5
O13-13_S8_L002_R1_001.fastq.gz	00ca0b690cbfffcd7d97765fb27e2a59
O13-13_S8_L003_R1_001.fastq.gz	49107e253c87642c363881528d878e5a
O13-13_S8_L004_R1_001.fastq.gz	68a626f00aac17ff96ce6583f11d9d08
O13-14_S3_L001_R1_001.fastq.gz	df603f576e147e4a38018cb831ed6eb9
O13-14_S3_L002_R1_001.fastq.gz	62631885b9afdf404999fd327601beca
O13-14_S3_L003_R1_001.fastq.gz	6075744a881a7e87d65249ab4a98d642
O13-14_S3_L004_R1_001.fastq.gz	0d4b475db2aff9482edff3c0b54087a6
O13-15_S13_L005_R1_001.fastq.gz	915833aa82a85dc7ff0da8f3aacdbaa8
O13-15_S13_L006_R1_001.fastq.gz	d9d3cc210d1d943898447b9cde027741
O13-15_S13_L007_R1_001.fastq.gz	9e99ef1f6752635beec477ca267e1afc
O13-15_S13_L008_R1_001.fastq.gz	41eec08b9a3102d155624711dd573ad4
O13-16_S4_L001_R1_001.fastq.gz	bf67c774a0ba435cd8fa66dca80db839
O13-16_S4_L002_R1_001.fastq.gz	9909cdcbdee25359abb8978b0b5217d9
O13-16_S4_L003_R1_001.fastq.gz	ffd9393991f2b016483bfcc8b700fd1b
O13-16_S4_L004_R1_001.fastq.gz	e3e7180e060a9bed8394511a5da2bd3b
O13-1_S16_L005_R1_001.fastq.gz	20b187aee7e8dce06a805f9c8424cb7b
O13-1_S16_L006_R1_001.fastq.gz	3abf10e5d09ece9ccd77b52331fe8409
O13-1_S16_L007_R1_001.fastq.gz	8019e502d9321fb465a5081263415493
O13-1_S16_L008_R1_001.fastq.gz	8906f9321d9ca502d3b5288fd373ce18
O13-2_S13_L005_R1_001.fastq.gz	09c97316f40ed53a1468a8be5fce96c5
O13-2_S13_L006_R1_001.fastq.gz	a57681ca8b01860b6e60652770640d30
O13-2_S13_L007_R1_001.fastq.gz	d61ac0408ab33d0fe4aa2cb8f1c94492
O13-2_S13_L008_R1_001.fastq.gz	88fcad071cae6fb53fcf8755680049c0
O13-3_S3_L001_R1_001.fastq.gz	54a64b34cf3261d65fac02635c268c43
O13-3_S3_L002_R1_001.fastq.gz	883ff6d8d103cd4d4fba0b1c4ac4c9dd
O13-3_S3_L003_R1_001.fastq.gz	b3eafde4c80006dc29441ed47d6d6e58
O13-3_S3_L004_R1_001.fastq.gz	7bcbd3dc97d2445fc366688b3b5a81fb
O13-4_S7_L001_R1_001.fastq.gz	06626dfe31bbdfb7d91e27dc135b85dd
O13-4_S7_L002_R1_001.fastq.gz	0408d6498660fc0dd4dedddbb33c6d78
O13-4_S7_L003_R1_001.fastq.gz	e51633d68c50f4f1a9f4db69646749ce
O13-4_S7_L004_R1_001.fastq.gz	94ecb67431d114a022c9be1b5dd47425
O13-5_S2_L001_R1_001.fastq.gz	0820adab44fbdae852a2cda1367721b8
O13-5_S2_L002_R1_001.fastq.gz	bee69495c4c1449c3da98cb67e2c0eb2
O13-5_S2_L003_R1_001.fastq.gz	3cafbc042fe074f5fd8888e458e4b4ee
O13-5_S2_L004_R1_001.fastq.gz	84eb9a023ce2f745cc75a8725e62f329
O13-6_S12_L005_R1_001.fastq.gz	ed71e3d4c8709d6679c7c83733a07ea8
O13-6_S12_L006_R1_001.fastq.gz	21defa5d2e93d18ad8124839e582a6de
O13-6_S12_L007_R1_001.fastq.gz	3e08fd98ac81c35d3ee1867b17333742
O13-6_S12_L008_R1_001.fastq.gz	43296ec139ed712a684811f89e46b0c6
O13-7_S9_L005_R1_001.fastq.gz	ca098ded9c4b4cb726308475b512f05e
O13-7_S9_L006_R1_001.fastq.gz	24dd48ca7805392d7cebccca9557f09c
O13-7_S9_L007_R1_001.fastq.gz	acd51e771f0c606ce736aa5f401408a4
O13-7_S9_L008_R1_001.fastq.gz	a01ee7766fd0dea0a1bacacac76b8942
O13-8_S6_L001_R1_001.fastq.gz	730fd6f13f075656abbc8af24df2e734
O13-8_S6_L002_R1_001.fastq.gz	12661563505371414b6606e9331455c9
O13-8_S6_L003_R1_001.fastq.gz	648ee8dca5ffd22d06fd30efedc80981
O13-8_S6_L004_R1_001.fastq.gz	308c9704152c250c47ec2d4c4c9e63ae
O13-9_S7_L001_R1_001.fastq.gz	59f25bb1f7ba08dac56f7d2afe723735
O13-9_S7_L002_R1_001.fastq.gz	3bdace1d72c7ceb9ba9ad6598fcd3358
O13-9_S7_L003_R1_001.fastq.gz	a984df849e684643e4121affd8c26caa
O13-9_S7_L004_R1_001.fastq.gz	f43e47eeb1bb2566f2645a7210e4add6
O16-10_S10_L005_R1_001.fastq.gz	d5ae3ef273087bca30fc4be16898a1ea
O16-10_S10_L006_R1_001.fastq.gz	6681abf8a142742308a2a2032923d590
O16-10_S10_L007_R1_001.fastq.gz	c5e0f9e3267ce9d60d970b57e6269de5
O16-10_S10_L008_R1_001.fastq.gz	b4c09e476a8a897910f334d61cbde696
O16-11_S11_L005_R1_001.fastq.gz	9a8b1e77eed73b76539e8753ebbcf310
O16-11_S11_L006_R1_001.fastq.gz	47c827da8db48fc07da0b22826c92f2b
O16-11_S11_L007_R1_001.fastq.gz	3307b62042d20f8aaac48577a4207fc6
O16-11_S11_L008_R1_001.fastq.gz	9490418da2dc30c958e7014312dc09a8
O16-12_S12_L005_R1_001.fastq.gz	d6360c123fa4635f617ac0b533bcb243
O16-12_S12_L006_R1_001.fastq.gz	16db1382eade5b529a7e570007aa9a1c
O16-12_S12_L007_R1_001.fastq.gz	4d9f38286ae1d8ee2c79e452df06df9b
O16-12_S12_L008_R1_001.fastq.gz	eaaff385034b78b1a11c05ff5a6ba999
O16-13_S13_L005_R1_001.fastq.gz	5f4d2872f2158165b4bbb4e7aa98be2a
O16-13_S13_L006_R1_001.fastq.gz	95249a580ee322a35f556a312a68a89e
O16-13_S13_L007_R1_001.fastq.gz	d20e877c95c1ad479cb91b4b27a2dddf
O16-13_S13_L008_R1_001.fastq.gz	4be26925ad4c0509c353bf0a58fa90ad
O16-14_S14_L005_R1_001.fastq.gz	82386ed776cbf61c634233fdd2dca355
O16-14_S14_L006_R1_001.fastq.gz	8fbe5dc72825bd841f88506092e030ef
O16-14_S14_L007_R1_001.fastq.gz	6c953417ba05ee49e21be0cd862a6c94
O16-14_S14_L008_R1_001.fastq.gz	2470058ef7aebc501c8cc21b9dcbcfc4
O16-15_S15_L005_R1_001.fastq.gz	af25b6f0cd9c6a31689a0388b799fbba
O16-15_S15_L006_R1_001.fastq.gz	ef3c2e1008ff1cdd57c4f257d789994a
O16-15_S15_L007_R1_001.fastq.gz	a2ed481d4b75cf7afc4c6b7ef184cc92
O16-15_S15_L008_R1_001.fastq.gz	198d1081c0b1419ce2af18eda9fd4f6a
O16-16_S16_L005_R1_001.fastq.gz	a9e0b6dc4219615a4e58d2eb85ab31ad
O16-16_S16_L006_R1_001.fastq.gz	53b0b79623d2fb4df43202f4444aa0fa
O16-16_S16_L007_R1_001.fastq.gz	72285241ec9c5e5f2711d9973faac7b5
O16-16_S16_L008_R1_001.fastq.gz	19044a3d3a421092b43cd62453bcde1d
O16-1_S1_L001_R1_001.fastq.gz	7489f3d5e181626018826f65ed17c932
O16-1_S1_L002_R1_001.fastq.gz	cb305ed36d22238fad3524879fdbbcc7
O16-1_S1_L003_R1_001.fastq.gz	03d04a10e21babd5950a60d5f536660b
O16-1_S1_L004_R1_001.fastq.gz	db8ed5cecb85abac71585dfc7335898b
O16-2_S2_L001_R1_001.fastq.gz	0a62184aa4c8820702c65693dfb87acd
O16-2_S2_L002_R1_001.fastq.gz	c552df14f83201f2820ac7dae229fe1c
O16-2_S2_L003_R1_001.fastq.gz	c8b40beadab3738079c1fe1d575e4c8e
O16-2_S2_L004_R1_001.fastq.gz	78c77bf01d762d4c4ec961e45cfb7978
O16-3_S3_L001_R1_001.fastq.gz	ba236d6c61a0b5871c7631c66612e8a1
O16-3_S3_L002_R1_001.fastq.gz	8c7f2b458f994adadd65af0a41b150c6
O16-3_S3_L003_R1_001.fastq.gz	5476cccad8929cdd373dfa3d17d00f98
O16-3_S3_L004_R1_001.fastq.gz	32ce733d02c08dbf27883a43c0415931
O16-4_S4_L001_R1_001.fastq.gz	c6a8ffeaf19d748914b4504d8ef67099
O16-4_S4_L002_R1_001.fastq.gz	96eee48e5576e47fdadd1fbfc72a7783
O16-4_S4_L003_R1_001.fastq.gz	113672f822b4319ba706f48be72c8025
O16-4_S4_L004_R1_001.fastq.gz	9e0a953c746961e4825659bb9df7552b
O16-5_S5_L001_R1_001.fastq.gz	ece2691507028f6b7dd65fcac349b1b7
O16-5_S5_L002_R1_001.fastq.gz	6749f22ad9cb4dda88793a1afc15f6b0
O16-5_S5_L003_R1_001.fastq.gz	51d4d38850ab5393ffe43fa4ab935a11
O16-5_S5_L004_R1_001.fastq.gz	f075f1763e17fdcd685e22257d213267
O16-6_S6_L001_R1_001.fastq.gz	b25405d9967f9e1062098f396c9e41b1
O16-6_S6_L002_R1_001.fastq.gz	5221680bd41241565fd6744a4c4ae35d
O16-6_S6_L003_R1_001.fastq.gz	26a022f2ed0ee0c82729691319ff9bcf
O16-6_S6_L004_R1_001.fastq.gz	c8d7e5997c0dec671118cfe46db5420f
O16-7_S7_L001_R1_001.fastq.gz	ecdff7e603d40986861f5c25ae73c3d3
O16-7_S7_L002_R1_001.fastq.gz	7a0571f67291c910e02ddb6b36c5bb9b
O16-7_S7_L003_R1_001.fastq.gz	a3fe29117fe15ffe23a7b1f44cc29631
O16-7_S7_L004_R1_001.fastq.gz	99c08a33e1b0681fae6b2fdc3acc168d
O16-8_S8_L001_R1_001.fastq.gz	052fa291abc95e98747349fb6b6a7f79
O16-8_S8_L002_R1_001.fastq.gz	74538aba48d79a01f3f9bfe1cf985fe9
O16-8_S8_L003_R1_001.fastq.gz	71dfa5cd772cda5e7468bebda84f7418
O16-8_S8_L004_R1_001.fastq.gz	cfd23460896c4951674a8cf14fd40475
O16-9_S9_L005_R1_001.fastq.gz	efafdf85a64f999fb98d591548bcf9d8
O16-9_S9_L006_R1_001.fastq.gz	d92f81ec58bc4a0629b3d80b6deff143
O16-9_S9_L007_R1_001.fastq.gz	f34371e8dc43b60b80544e4aaa7614f9
O16-9_S9_L008_R1_001.fastq.gz	b26ecd63f815eb78c47c086f7da8a5be
O17-10_S10_L005_R1_001.fastq.gz	8bdefc00a8e5313884325f542fccc656
O17-10_S10_L006_R1_001.fastq.gz	539fb70c2f98d90b5afcb120cc243753
O17-10_S10_L007_R1_001.fastq.gz	e722f16354d122c0434c32c813a57257
O17-10_S10_L008_R1_001.fastq.gz	44394cf7bd0495201e581e7f93561f5f
O17-11_S11_L005_R1_001.fastq.gz	a7b9039598ad874c49c3d3ea63add7fc
O17-11_S11_L006_R1_001.fastq.gz	f77766275b08dc736cf235c501d04bfb
O17-11_S11_L007_R1_001.fastq.gz	25aebf2f884d0328578c2cf76249923c
O17-11_S11_L008_R1_001.fastq.gz	0a3b458ca2041b8be37c2af9f9ed87d0
O17-12_S12_L005_R1_001.fastq.gz	20cadb97cdab0d2a3254783eaeeb6636
O17-12_S12_L006_R1_001.fastq.gz	e1eb98b0e21ffb820d5f5db841806984
O17-12_S12_L007_R1_001.fastq.gz	9c7d886503ba96a571ee65f5e59263f4
O17-12_S12_L008_R1_001.fastq.gz	5a4a436174b0538e0b8de8cecd034f45
O17-13_S13_L005_R1_001.fastq.gz	fd40af7472917a81ac6438394030b4c0
O17-13_S13_L006_R1_001.fastq.gz	c28826195f93c47d7d63cf4cd9ef8523
O17-13_S13_L007_R1_001.fastq.gz	55e97da660384fb1fbfce1f961273e43
O17-13_S13_L008_R1_001.fastq.gz	1cfe017ed29f541291d43f4d08c940af
O17-14_S14_L005_R1_001.fastq.gz	88167b18bd956a56c755b3cfb76456b5
O17-14_S14_L006_R1_001.fastq.gz	4e2c3744a7232c8a3e3bafe82ded6bc6
O17-14_S14_L007_R1_001.fastq.gz	869f78bdbfffd0f99b51a763b0f94ecc
O17-14_S14_L008_R1_001.fastq.gz	1408c92176e4716dee3e9968b5d00d13
O17-15_S15_L005_R1_001.fastq.gz	301e6dd14c67bd517794d0149855ac59
O17-15_S15_L006_R1_001.fastq.gz	204190effac6e1c253b6abd63578325f
O17-15_S15_L007_R1_001.fastq.gz	b87bd812e1c908dbd04008ec50a7b200
O17-15_S15_L008_R1_001.fastq.gz	392e752ddb6511440e445b352ac2d08d
O17-16_S16_L005_R1_001.fastq.gz	5f5b03712a73059245f82ea68a344450
O17-16_S16_L006_R1_001.fastq.gz	57c7294754aa6f79843611f3e50f22e6
O17-16_S16_L007_R1_001.fastq.gz	816367c538ac4d0ee8f9a232904c3601
O17-16_S16_L008_R1_001.fastq.gz	7570c49e11bd104c1883bb64721a0fa0
O17-1_S1_L001_R1_001.fastq.gz	8d318eca04bf12a860ba957da99ab5c8
O17-1_S1_L002_R1_001.fastq.gz	ad7f82e62fe6e16992f5604dbd6822ba
O17-1_S1_L003_R1_001.fastq.gz	f24e9a0173736cb406b18d68a7b32c5e
O17-1_S1_L004_R1_001.fastq.gz	1f313ec699ffd8ae600e6027b85152ea
O17-2_S2_L001_R1_001.fastq.gz	f0378bdd3e89ad92466a622b16b8d720
O17-2_S2_L002_R1_001.fastq.gz	3ae0d5e4740047acd74279e4cea7f382
O17-2_S2_L003_R1_001.fastq.gz	289b90e51a6c7b1be91e971e66130fd6
O17-2_S2_L004_R1_001.fastq.gz	59a347475e76b5a56ca0b932f3dfc888
O17-3_S3_L001_R1_001.fastq.gz	17399c0550798df9ab10b2bcf44fb50a
O17-3_S3_L002_R1_001.fastq.gz	6e1761e0580590c4848f3c00d58b8969
O17-3_S3_L003_R1_001.fastq.gz	1022fd0766851c7b47230c906914be54
O17-3_S3_L004_R1_001.fastq.gz	1911a16f8c36f9a9a8722425c21de159
O17-4_S4_L001_R1_001.fastq.gz	70d56d457116cf52d434b0b037aa4cf3
O17-4_S4_L002_R1_001.fastq.gz	99e3e57b429aaf469d8c2c27f1ccf92c
O17-4_S4_L003_R1_001.fastq.gz	9d3e3b39f211ed6ee2264011403c79ab
O17-4_S4_L004_R1_001.fastq.gz	780a00c8daac97760be83b9c90924ac0
O17-5_S5_L001_R1_001.fastq.gz	32328a5cc0a02e750008f62e4ae11a65
O17-5_S5_L002_R1_001.fastq.gz	9034055d2ca828e3117c673aaa7a7272
O17-5_S5_L003_R1_001.fastq.gz	8ba3a61f57640e651ed03179c7b56645
O17-5_S5_L004_R1_001.fastq.gz	141854bc67512ae4414462978a33d850
O17-6_S6_L001_R1_001.fastq.gz	404e33015b2f04c12b1591d6ff3b9df9
O17-6_S6_L002_R1_001.fastq.gz	508836785854b55b72eda5452d3b1b48
O17-6_S6_L003_R1_001.fastq.gz	47859dbbeeac253239721318e68ee755
O17-6_S6_L004_R1_001.fastq.gz	d59989f3e17843850612ada42f7e298e
O17-7_S7_L001_R1_001.fastq.gz	de23d50076fe7d736b6e8de2aa70ce39
O17-7_S7_L002_R1_001.fastq.gz	e668e95df707f9d377e9f47ebd340950
O17-7_S7_L003_R1_001.fastq.gz	eaf7053d9fe7f6e6b16b379392f72228
O17-7_S7_L004_R1_001.fastq.gz	b756b4654c1ed08490af388af432bb11
O17-8_S8_L001_R1_001.fastq.gz	632764871d856ab52e7313a006b6b791
O17-8_S8_L002_R1_001.fastq.gz	c2137c68b2e67d4126fdf79639f03be1
O17-8_S8_L003_R1_001.fastq.gz	2e9f879d60e87c3f10fbb3364a118eb0
O17-8_S8_L004_R1_001.fastq.gz	b6391ca203684af2c44e6923902f28bb
O17-9_S9_L005_R1_001.fastq.gz	42e41cf1eca2e076a4d22bf1da9ab294
O17-9_S9_L006_R1_001.fastq.gz	ce335cb357d848c64fd8817ede4784d3
O17-9_S9_L007_R1_001.fastq.gz	d71ef48a9ed890865465654807fc77b4
O17-9_S9_L008_R1_001.fastq.gz	366d744da895beb0573c292040301b4d
O18-10_S9_L005_R1_001.fastq.gz	3cbf1946e1a89cda82695fe1fbcb3aad
O18-10_S9_L006_R1_001.fastq.gz	73e60ef252d076c398eeef4ef62e81e7
O18-10_S9_L007_R1_001.fastq.gz	e52d7123ffe5df4d04571cb04187b481
O18-10_S9_L008_R1_001.fastq.gz	274563ba1e5fc1f8e87b9371cca48dba
O18-11_S10_L005_R1_001.fastq.gz	1d9cebd215be7bf3ee6143274e8cb7fe
O18-11_S10_L006_R1_001.fastq.gz	7adce1d9eef166758be7088d29a047a1
O18-11_S10_L007_R1_001.fastq.gz	e7324ea9ecbc5fbca4d2910787f3c96b
O18-11_S10_L008_R1_001.fastq.gz	6244c91568b53652e2f23819eabd893a
O18-12_S11_L005_R1_001.fastq.gz	577f975a69aff1c2c02d6a6368b09d0c
O18-12_S11_L006_R1_001.fastq.gz	3e9ba7ed2dab40289339f6d6356eb6b0
O18-12_S11_L007_R1_001.fastq.gz	f2dcf5850de620d2c3a5c3bed7537a09
O18-12_S11_L008_R1_001.fastq.gz	8f6b9f8a08352be3400d892b08216446
O18-13_S12_L005_R1_001.fastq.gz	a8ff637869ce160f468b2cd76c08e75f
O18-13_S12_L006_R1_001.fastq.gz	adc275df57f19f4ed9eb443ce546b684
O18-13_S12_L007_R1_001.fastq.gz	d57965bc40baa98511d9294a2b03d7fd
O18-13_S12_L008_R1_001.fastq.gz	a960b986008fbc3024f1c97e4839fabe
O18-14_S13_L005_R1_001.fastq.gz	5eab209bf432518b40a1261e233371ee
O18-14_S13_L006_R1_001.fastq.gz	550f85a33a13755dbbc596113770aa58
O18-14_S13_L007_R1_001.fastq.gz	4cb31074d41120f8d524510e2ff836a0
O18-14_S13_L008_R1_001.fastq.gz	049597f26aa76047e17cd50773b68126
O18-15_S14_L005_R1_001.fastq.gz	807fb44e4b3646fe658d1a7387fffece
O18-15_S14_L006_R1_001.fastq.gz	5b6dae26ca008acd66d7ee7b2db5959d
O18-15_S14_L007_R1_001.fastq.gz	15f8a599320388980b0d62227995466a
O18-15_S14_L008_R1_001.fastq.gz	5865a12603bace260139285652830b3c
O18-16_S15_L005_R1_001.fastq.gz	5b19e4f3645380605e9792a33348b9e6
O18-16_S15_L006_R1_001.fastq.gz	1f7124ce189b3e6548223a1d16abc2f8
O18-16_S15_L007_R1_001.fastq.gz	9b3be7d0345555e15fb552449e8b3afa
O18-16_S15_L008_R1_001.fastq.gz	88d816ddfdba5a88ae66ad7d50a500c2
O18-1_S1_L001_R1_001.fastq.gz	5d66baaaa4b69e4c9d60a22afb7105ef
O18-1_S1_L002_R1_001.fastq.gz	2ed81d56cdecd6cf22b8d6c068695885
O18-1_S1_L003_R1_001.fastq.gz	107318124cffe6e25116230ced05c901
O18-1_S1_L004_R1_001.fastq.gz	a326a354befa6596d045260271b29e73
O18-2_S2_L001_R1_001.fastq.gz	ad6fe2236f55384485cc15fa101ce508
O18-2_S2_L002_R1_001.fastq.gz	ae62f59fbea0a1263dfe5e40edaa1b75
O18-2_S2_L003_R1_001.fastq.gz	608b2e2884c41a8e440ef33a7f6f090d
O18-2_S2_L004_R1_001.fastq.gz	3a082498149efa961ef9af0fb21fbf4b
O18-3_S3_L001_R1_001.fastq.gz	3074efca7aaaf78c1e5c07a96c559f9e
O18-3_S3_L002_R1_001.fastq.gz	37ef41c2dda1209363b7ceb5787bb2bd
O18-3_S3_L003_R1_001.fastq.gz	ae8b12c7c9130b2a6a1d90a1494fd0fe
O18-3_S3_L004_R1_001.fastq.gz	65ffd8e5812b077f7753b77135f337ae
O18-4_S4_L001_R1_001.fastq.gz	cbf91c19bf93cbfe153425c6c1011367
O18-4_S4_L002_R1_001.fastq.gz	1bad19f4db95268698f19b4f8c8e4fb2
O18-4_S4_L003_R1_001.fastq.gz	c47889266d49783ae81de305d8f55800
O18-4_S4_L004_R1_001.fastq.gz	51036dac0a556869f36e660516ce2fbd
O18-5_S5_L001_R1_001.fastq.gz	fe15d52bcd05c581bd0f5f6c9a41d67f
O18-5_S5_L002_R1_001.fastq.gz	8801b037e236c580c0a15207dbbbbd41
O18-5_S5_L003_R1_001.fastq.gz	604ad71657082b1e3769eacb2c4de717
O18-5_S5_L004_R1_001.fastq.gz	1781c85fc10af2cee73716155b61d543
O18-6_S6_L001_R1_001.fastq.gz	f65454634023569ccff4e098729d3abe
O18-6_S6_L002_R1_001.fastq.gz	4322b2a1b3b7e2e9de56a0bfb0ab9405
O18-6_S6_L003_R1_001.fastq.gz	84b2e96cd57577d919d9264addeea822
O18-6_S6_L004_R1_001.fastq.gz	97c7e1ca04b255e09428f0cd24f7d5ff
O18-7_S7_L001_R1_001.fastq.gz	418c6384dad4262333be195296ace622
O18-7_S7_L002_R1_001.fastq.gz	6b9e13c73625cfa906fd61ade42f0760
O18-7_S7_L003_R1_001.fastq.gz	99cd6d1ae3452db0c3ad1515318bfbb1
O18-7_S7_L004_R1_001.fastq.gz	0600bb0595d540944946183b68481bd5
O18-8_S8_L001_R1_001.fastq.gz	3fc5ae7d6e4fce1a800bcbe36d8491d4
O18-8_S8_L002_R1_001.fastq.gz	77e376947b91f5a68f119f9a6a9f020f
O18-8_S8_L003_R1_001.fastq.gz	337ad649407e9c87e5d919f8921bc0be
O18-8_S8_L004_R1_001.fastq.gz	5d5ed7d4fb11a751f7c7bfb6ce248169
O19-10_S9_L005_R1_001.fastq.gz	b1e6a73eb4283f9f5e32a7641cebddc6
O19-10_S9_L006_R1_001.fastq.gz	2a8cf3a018b0ecd0405b2644df2f730e
O19-10_S9_L007_R1_001.fastq.gz	94e5b288dc4892524a456d37c146c79f
O19-10_S9_L008_R1_001.fastq.gz	33bbfad1b6d08bdb2776cd6f7a3f8a65
O19-11_S10_L005_R1_001.fastq.gz	4317ba4fd552531923868a468ce074a4
O19-11_S10_L006_R1_001.fastq.gz	694166cb5f230fc354d440da8a4ac0c2
O19-11_S10_L007_R1_001.fastq.gz	8188c553290e6197c2e758772cca83ed
O19-11_S10_L008_R1_001.fastq.gz	a256cd04f853266ddf0328edb54b2f23
O19-12_S11_L005_R1_001.fastq.gz	e49b2fd8edb53178d1272bd089eb5f8b
O19-12_S11_L006_R1_001.fastq.gz	a48a905fe054e9736f6283f02d00809d
O19-12_S11_L007_R1_001.fastq.gz	d009fb92476324183aa750f0f786d84f
O19-12_S11_L008_R1_001.fastq.gz	f5b90962a0da0bfa94fd6b972c0a512f
O19-13_S12_L005_R1_001.fastq.gz	750547e6b561b769032d0a98b2bcf534
O19-13_S12_L006_R1_001.fastq.gz	78f1adb22999dd9e9ac6f436c21bcdd0
O19-13_S12_L007_R1_001.fastq.gz	15e4dce80eea821dd2b42c309aad2709
O19-13_S12_L008_R1_001.fastq.gz	84859554f99f78de0f7358ef4a17e47b
O19-14_S13_L005_R1_001.fastq.gz	69d41716c96aaed44b2c6a4c7911e611
O19-14_S13_L006_R1_001.fastq.gz	4d75ad627f2aac7935e2627e6676ff82
O19-14_S13_L007_R1_001.fastq.gz	f67b2b885623771db26f82819385c7d1
O19-14_S13_L008_R1_001.fastq.gz	507439d2c0dbb7219341546201dbadab
O19-15_S14_L005_R1_001.fastq.gz	5717a9d90f7e5dd1af9ccc28617ae722
O19-15_S14_L006_R1_001.fastq.gz	d0bfb3684525698707a7c3b9d8ca820a
O19-15_S14_L007_R1_001.fastq.gz	614b118ce8fc5deb2452711281267b87
O19-15_S14_L008_R1_001.fastq.gz	5aa3daeac922c0c11f798d315ae41ac4
O19-16_S15_L005_R1_001.fastq.gz	ead48c308a76545102b78c0118d9734d
O19-16_S15_L006_R1_001.fastq.gz	225c3c1fc5574d013dcc0f97599560b5
O19-16_S15_L007_R1_001.fastq.gz	5589a0ac7e11a5b88d54399dcea956ad
O19-16_S15_L008_R1_001.fastq.gz	2a38141b1af5ea7396878a0be8d7f0fd
O19-1_S16_L005_R1_001.fastq.gz	fffd73e3e964d38515a67f527c4da9c5
O19-1_S16_L006_R1_001.fastq.gz	062bbf3b37d940f8c80f925d8b732a0d
O19-1_S16_L007_R1_001.fastq.gz	b2291a2f9530da360b5dda25f94e949c
O19-1_S16_L008_R1_001.fastq.gz	c65e55af268249caafc24b1af19e917a
O19-2_S1_L001_R1_001.fastq.gz	59b4413abce2ff5a2fe245393c079f3e
O19-2_S1_L002_R1_001.fastq.gz	43e325219b18a99c6a53eb3b873bd902
O19-2_S1_L003_R1_001.fastq.gz	b5de724f4dd2581752fd93df802e903b
O19-2_S1_L004_R1_001.fastq.gz	10224de571c5017c9cd23e2dc7f24c13
O19-3_S2_L001_R1_001.fastq.gz	89b437fbd2e15c7abdc7321adcb4197d
O19-3_S2_L002_R1_001.fastq.gz	1f28e9e714464b2a55849d4cc5349617
O19-3_S2_L003_R1_001.fastq.gz	045911823acf4686249417fbe2265c1e
O19-3_S2_L004_R1_001.fastq.gz	f07ae5097eae7409fdd195239842794d
O19-4_S3_L001_R1_001.fastq.gz	c2534be0352711d3f5ffe5f7bffd2d20
O19-4_S3_L002_R1_001.fastq.gz	7d9b8de3280e7d80eee47946be4872b7
O19-4_S3_L003_R1_001.fastq.gz	b77c2c83c346bb79b8433b010c56bf3a
O19-4_S3_L004_R1_001.fastq.gz	3ed02e465e80e2f2ad0a73fb1e639140
O19-5_S4_L001_R1_001.fastq.gz	590a907e15bd5ab5b11bdda53c803bc7
O19-5_S4_L002_R1_001.fastq.gz	0c9415e9084bfb9de8a75dc4a9a11fd9
O19-5_S4_L003_R1_001.fastq.gz	0f27e378476265778b7f07704f0c79ca
O19-5_S4_L004_R1_001.fastq.gz	9bcfb5975b43d311754bdce957c85f6c
O19-6_S5_L001_R1_001.fastq.gz	5d92ffbf5c96c8607bf1c7048189956a
O19-6_S5_L002_R1_001.fastq.gz	4b2e88b720483b55b48a016cd62a2f3a
O19-6_S5_L003_R1_001.fastq.gz	7af9f0f26a85abab8fe91f31db0450f4
O19-6_S5_L004_R1_001.fastq.gz	51f5eb5915f29dc3dfa31bfa3c328e97
O19-7_S6_L001_R1_001.fastq.gz	437e6d46801cd34c73a3a9cdd7af368f
O19-7_S6_L002_R1_001.fastq.gz	0429efafe5155fbc5be97fb9e42e7eb5
O19-7_S6_L003_R1_001.fastq.gz	ec09f0cc1b9bd980fc373164a767a7b8
O19-7_S6_L004_R1_001.fastq.gz	ae95cf2c267270d1b95dd0041cdb5e95
O19-8_S7_L001_R1_001.fastq.gz	d1abdc50f2a927b8168c21735b315595
O19-8_S7_L002_R1_001.fastq.gz	645b76936ba574f79fa03384a567940f
O19-8_S7_L003_R1_001.fastq.gz	db7bc4cd88445658d251e77ebe432b09
O19-8_S7_L004_R1_001.fastq.gz	68dcfa9480873e75602d0a0088c2b9df
O19-9_S8_L001_R1_001.fastq.gz	0769066f44d273427fca914162777605
O19-9_S8_L002_R1_001.fastq.gz	e52158ebe3681b4acfee5436b3f0d5f9
O19-9_S8_L003_R1_001.fastq.gz	852b50d78348a852b7d67783c0284a0e
O19-9_S8_L004_R1_001.fastq.gz	b0e06d0b70618e9d8c6dbaac1ea0227e
O2-01_S14_L005_R1_001.fastq.gz	ca04cce5f093f2638fad26939b9dd491
O2-01_S14_L006_R1_001.fastq.gz	fa6e477299e8d136c7904bb302bd8321
O2-01_S14_L007_R1_001.fastq.gz	6eacea95741f5d58e9e0817a1762f6f9
O2-01_S14_L008_R1_001.fastq.gz	16f4b339f8462ac41a1482b2954b1128
O2-02_S15_L005_R1_001.fastq.gz	d24ee1fe0f9abaaf7fedf3cd6b8900d3
O2-02_S15_L006_R1_001.fastq.gz	f3d3391404b53385ddc57dfd9274d300
O2-02_S15_L007_R1_001.fastq.gz	9c8e19e7dec4ca28628044aacde9243b
O2-02_S15_L008_R1_001.fastq.gz	d584748818433da7f8fcbca427ec9a8b
O2-03_S1_L001_R1_001.fastq.gz	ab746119bf10b954ed34ae47ea6f9534
O2-03_S1_L002_R1_001.fastq.gz	1797a82f164c359cd828dadd44ba10f6
O2-03_S1_L003_R1_001.fastq.gz	17fd016b25dddd14dc1838cb5e8d7067
O2-03_S1_L004_R1_001.fastq.gz	188a0c670ef14a8f67705146ac3306c8
O2-04_S5_L001_R1_001.fastq.gz	8295554004b2a09dbd2d457bbe7cc862
O2-04_S5_L002_R1_001.fastq.gz	bdb3c55f63f05e5b64f55409e07d21e7
O2-04_S5_L003_R1_001.fastq.gz	6b5c22b7860e107377c8acd558e29826
O2-04_S5_L004_R1_001.fastq.gz	d6e300b282eef806242e8f6f0ecd5635
O2-05_S4_L001_R1_001.fastq.gz	565c33326d3b881d3ec3fea372f01b5a
O2-05_S4_L002_R1_001.fastq.gz	d0e9e1fdbe804a3098da90cd8218c341
O2-05_S4_L003_R1_001.fastq.gz	27c74c92eace673728236af96294c0fb
O2-05_S4_L004_R1_001.fastq.gz	f59ccad15537a9a33da692566e15f7b3
O2-06_S10_L005_R1_001.fastq.gz	4eb9f4ae174b58cf281d33ad780c7531
O2-06_S10_L006_R1_001.fastq.gz	1f6b06100e87b3cbeadbf7250ce1befe
O2-06_S10_L007_R1_001.fastq.gz	bef7148126cd53f0a272d34d91d6d527
O2-06_S10_L008_R1_001.fastq.gz	0d2cc41dc3ed813d42d421b9469ba12e
O2-07_S11_L005_R1_001.fastq.gz	a0c9d11d059ef5a39f6ff551d0a9ebd2
O2-07_S11_L006_R1_001.fastq.gz	119b16cffa5aef758959989f77328c62
O2-07_S11_L007_R1_001.fastq.gz	95cf11c3b35d88239a7c272c28ddaf9a
O2-07_S11_L008_R1_001.fastq.gz	39853693a82021fdd7c755eab9bf2098
O2-08_S8_L001_R1_001.fastq.gz	9d3b6a5448d7a7ad815758f811cf5228
O2-08_S8_L002_R1_001.fastq.gz	03cd5287b9729a487a133ffe3c4fbb9c
O2-08_S8_L003_R1_001.fastq.gz	f2c08db4851239d2480d0d46b4cc6800
O2-08_S8_L004_R1_001.fastq.gz	e49a9e01600036c445fd2a4b355a67fe
O2-09_S10_L005_R1_001.fastq.gz	6a117ee9d846b22a737a4680faee2a2f
O2-09_S10_L006_R1_001.fastq.gz	1faa682d6cb07f3e24f5051822786fbc
O2-09_S10_L007_R1_001.fastq.gz	5b335e45405bbe21cba1f148cafabfea
O2-09_S10_L008_R1_001.fastq.gz	3d39b193b2f2f423fe3f1d2142bf70b8
O2-10_S8_L001_R1_001.fastq.gz	e75cacb4bcbfd2085d7132d90cf1e24c
O2-10_S8_L002_R1_001.fastq.gz	23bfea5a4e19a7f36ad6ac72664c3b32
O2-10_S8_L003_R1_001.fastq.gz	0690446e2dcdc39cace564f4f0e3c958
O2-10_S8_L004_R1_001.fastq.gz	cab867344396b5abfcf03377f6104d5b
O2-11_S7_L001_R1_001.fastq.gz	39d42cce5551f8e04a1bc1e28c685b4b
O2-11_S7_L002_R1_001.fastq.gz	1c9dc80b6806f39990f62e3bc54b4a08
O2-11_S7_L003_R1_001.fastq.gz	7f5bd717510e31978bced2ec90a98262
O2-11_S7_L004_R1_001.fastq.gz	8336543a8c1b382b4eae223af66160e6
O2-12_S3_L001_R1_001.fastq.gz	fe456690ca8c07ba5b7f7ea7222c6577
O2-12_S3_L002_R1_001.fastq.gz	cea08a05ebb044dc90992c2a72afbd2c
O2-12_S3_L003_R1_001.fastq.gz	64cd235681e9ae6886bef49f24d708f6
O2-12_S3_L004_R1_001.fastq.gz	d76a63e7430da85098e47f5a3b043810
O2-13_S9_L005_R1_001.fastq.gz	ac1af0fb75f4da40df0cc2145e520802
O2-13_S9_L006_R1_001.fastq.gz	871b9238275184868dc70fdfe2ff7d91
O2-13_S9_L007_R1_001.fastq.gz	a0ac938fc3c86816daf34c039dc4b1a8
O2-13_S9_L008_R1_001.fastq.gz	18fcaca0f94838c514bfb6fc57606ba5
O2-14_S14_L005_R1_001.fastq.gz	7218952fb86845163f8d8b98d07dbb14
O2-14_S14_L006_R1_001.fastq.gz	09d546f585795ab9ebcf759aa360e96a
O2-14_S14_L007_R1_001.fastq.gz	1f8c4df15369202614b48b4b0ee31351
O2-14_S14_L008_R1_001.fastq.gz	051fe71a24db531c65ba04ce20278319
O2-15_S4_L001_R1_001.fastq.gz	83e6f2dd5ce6801532227f8d3f9054bf
O2-15_S4_L002_R1_001.fastq.gz	2e76facb1832533051436bb576927c99
O2-15_S4_L003_R1_001.fastq.gz	470e8c7d0066096cd14ad5e8a0014a1c
O2-15_S4_L004_R1_001.fastq.gz	ba2a8464a03b342743ae2a1f31a73d5e
O2-16_S13_L005_R1_001.fastq.gz	ff69989b8203e4d07a365fd597da1776
O2-16_S13_L006_R1_001.fastq.gz	40f9993ce2c671df332f7b4908c37206
O2-16_S13_L007_R1_001.fastq.gz	d28eb85770f78b321ca4e47f3bb82e62
O2-16_S13_L008_R1_001.fastq.gz	c584a0d0fde0baad0d3e3e993bbd9f98
O8-01_S16_L005_R1_001.fastq.gz	5c44406b437747c066717c3095761419
O8-01_S16_L006_R1_001.fastq.gz	d4bd54d3eced7b430559a062ab83331c
O8-01_S16_L007_R1_001.fastq.gz	d9bcdb7202aaebea84fc059834bf5238
O8-01_S16_L008_R1_001.fastq.gz	20c47c90fe26aaf549b1286efc46d6c7
O8-02_S13_L005_R1_001.fastq.gz	b502ccc237c11a658e25859639b0432f
O8-02_S13_L006_R1_001.fastq.gz	7ce33b125ed1091bd7520718e43a2e67
O8-02_S13_L007_R1_001.fastq.gz	1d7ce38dad6e7856b8ed362b2c0b0062
O8-02_S13_L008_R1_001.fastq.gz	463f1ef57d70ebee43401eb88297bbf1
O8-03_S3_L001_R1_001.fastq.gz	5686758574f9338b33c8c9aacc1ee584
O8-03_S3_L002_R1_001.fastq.gz	6c077b514861506e7bc94e9d94c773d9
O8-03_S3_L003_R1_001.fastq.gz	6681b4fa23f0f05ce4b938a5c40112f8
O8-03_S3_L004_R1_001.fastq.gz	a59cc6aff434923bd3fd8dac01ad8737
O8-04_S7_L001_R1_001.fastq.gz	a53abb6fb0bf328d67bcc04cf1b49d19
O8-04_S7_L002_R1_001.fastq.gz	40b9c3ff1a22f5cd0b4f2f412b7d38b4
O8-04_S7_L003_R1_001.fastq.gz	3df72b586511d3b65bcb0dc3df7309bd
O8-04_S7_L004_R1_001.fastq.gz	5f8933de89d7c7ab48fa466d76093c55
O8-05_S2_L001_R1_001.fastq.gz	4f1c52543bc0815444820ae3961760fc
O8-05_S2_L002_R1_001.fastq.gz	1e6a900e1e483df793c056c264c587d7
O8-05_S2_L003_R1_001.fastq.gz	681d71e2016daa166b2c80ce00ee18dc
O8-05_S2_L004_R1_001.fastq.gz	fd5e5b388c207ff8479108f7aa4cc5b2
O8-06_S12_L005_R1_001.fastq.gz	376d25749ee307a179b77cf51caff11f
O8-06_S12_L006_R1_001.fastq.gz	3a0e8973bb87d98270d724c2de6577c8
O8-06_S12_L007_R1_001.fastq.gz	2cce11a4beeaf04523df91545ab0eb56
O8-06_S12_L008_R1_001.fastq.gz	2260b6734939275df0b9cdb8a4133f85
O8-07_S9_L005_R1_001.fastq.gz	9ec8da7849a446984bfaa727ddcbfe59
O8-07_S9_L006_R1_001.fastq.gz	01380d2bb7569dc203f242746e44d0b2
O8-07_S9_L007_R1_001.fastq.gz	a60234f5fb464960177ccd6a10479f1c
O8-07_S9_L008_R1_001.fastq.gz	70c1e86dc24cf9817df81187577ab5ff
O8-08_S6_L001_R1_001.fastq.gz	6b248fe059d751816c3dcdc5339582c0
O8-08_S6_L002_R1_001.fastq.gz	73e68a3c5883aef130051ede4b505b9a
O8-08_S6_L003_R1_001.fastq.gz	2ffae64915fdf8da1e5426341af22ebd
O8-08_S6_L004_R1_001.fastq.gz	93ad478e9ea5f3bb315fb8da05eff9ea
O8-09_S5_L001_R1_001.fastq.gz	238f2b9282876468d7c9d1770c926370
O8-09_S5_L002_R1_001.fastq.gz	c929b5a71953aee5a8fffdf7f6c9ac6e
O8-09_S5_L003_R1_001.fastq.gz	fc5c671811abb389dd4e4ca4dc1b311e
O8-09_S5_L004_R1_001.fastq.gz	faeb6aa955f1b61ac751fc7d3fb42b10
O8-10_S2_L001_R1_001.fastq.gz	170ce7e19c57b086eb6c000cc591461e
O8-10_S2_L002_R1_001.fastq.gz	5870b879ffeda1c0457202c550eb83e6
O8-10_S2_L003_R1_001.fastq.gz	af21ea5e50eaed6b518077b66a38c749
O8-10_S2_L004_R1_001.fastq.gz	50887c52cbea522c2398d140e4d9a0ee
O8-11_S12_L005_R1_001.fastq.gz	82c6a443f5eabbea0f3b624b5e6c23f1
O8-11_S12_L006_R1_001.fastq.gz	ce2bd4eb73a02409c5c270dbaa6269f4
O8-11_S12_L007_R1_001.fastq.gz	22b20ab10bd2c52f22989d3a5701c99a
O8-11_S12_L008_R1_001.fastq.gz	abacb4b3d9716e5f916718bcbb040d93
O8-12_S16_L005_R1_001.fastq.gz	ac1e4b5345311b9cf5aa6aa1a98beaca
O8-12_S16_L006_R1_001.fastq.gz	e8328a553936ab40aa270f3872f41a24
O8-12_S16_L007_R1_001.fastq.gz	0998771fd994a35ba9a8dbabaf1960c0
O8-12_S16_L008_R1_001.fastq.gz	2ed254e9c386ecce4f4f601b3f3a437e
O8-13_S15_L005_R1_001.fastq.gz	a6bf5930a65e24fbf847bceea55788c1
O8-13_S15_L006_R1_001.fastq.gz	5058e569ac070ea1e2644d90fbfeab00
O8-13_S15_L007_R1_001.fastq.gz	0f4ba8d2e70918d149877dd713167543
O8-13_S15_L008_R1_001.fastq.gz	7bd61da24ab980af72e241de34d63d54
O8-14_S1_L001_R1_001.fastq.gz	5c7f48cf8a3a8077bb8062cccf582b68
O8-14_S1_L002_R1_001.fastq.gz	b2e70cd9559086278616807e98c6a8be
O8-14_S1_L003_R1_001.fastq.gz	e91934c79d572802fb61236935beb4bc
O8-14_S1_L004_R1_001.fastq.gz	3b2d5626a3436c2e235fa4c792904d32
O8-15_S6_L001_R1_001.fastq.gz	04c137454e1e206b16186d7ddf17d676
O8-15_S6_L002_R1_001.fastq.gz	e77d44f068124599eca405adaa97cbf8
O8-15_S6_L003_R1_001.fastq.gz	17132e65bda002d8cab066e89abd1e17
O8-15_S6_L004_R1_001.fastq.gz	3035033b8f763b95ab7333959100a290
O8-16_S11_L005_R1_001.fastq.gz	aac8569534b709ef8a80173e136e2afd
O8-16_S11_L006_R1_001.fastq.gz	c01fbaa0c1239b56eafd8a8fee2c9d04
O8-16_S11_L007_R1_001.fastq.gz	96fa34803fd72fdadeccbcc435726a9a
O8-16_S11_L008_R1_001.fastq.gz	6f388a04ab1c0980f0383e68faf653cb
O9-01_S1_L001_R1_001.fastq.gz	547f16fcab84661aa33eca6c07c3d44b
O9-01_S1_L002_R1_001.fastq.gz	4a8163e1825247d78fb65da173211cc8
O9-01_S1_L003_R1_001.fastq.gz	32c8964212e69476423283d0ffe867c2
O9-01_S1_L004_R1_001.fastq.gz	e1d12102ca5fba402a0d93166a136fd9
O9-02_S6_L001_R1_001.fastq.gz	1e5b5d9bbac3137500dc09c48a3f6755
O9-02_S6_L002_R1_001.fastq.gz	5d46cbf8921dc74a2023481fd862899d
O9-02_S6_L003_R1_001.fastq.gz	6dfa72307e43d628c7c085e39925e507
O9-02_S6_L004_R1_001.fastq.gz	e32c6c6a5b73843f8b0666be9996faf3
O9-03_S16_L005_R1_001.fastq.gz	f007fc44bb8406228f4da845322ccb8f
O9-03_S16_L006_R1_001.fastq.gz	c854ad374854c7b45a9833bda9b3a703
O9-03_S16_L007_R1_001.fastq.gz	5600f185d3f17b1b428998fd0f5efac5
O9-03_S16_L008_R1_001.fastq.gz	a7df6d75e785f6796059def914652d87
O9-04_S12_L005_R1_001.fastq.gz	eef3c44f2b414191bd189ff8ad6a4875
O9-04_S12_L006_R1_001.fastq.gz	cb090b08df40fc9e4f2195ea0d793a7d
O9-04_S12_L007_R1_001.fastq.gz	689af9ec81c09f2921b1b1a9658d4fbb
O9-04_S12_L008_R1_001.fastq.gz	765e46f7389f2811a1ee7bb8da8bc119
O9-05_S11_L005_R1_001.fastq.gz	3e2aeb4e93e836f37f4759eaff0c21e2
O9-05_S11_L006_R1_001.fastq.gz	4b19c72a58c6645f9f4075072bc2a89f
O9-05_S11_L007_R1_001.fastq.gz	0718eb40212df0dd28d2d0dd37275b81
O9-05_S11_L008_R1_001.fastq.gz	2176b6ede3a8cc75d4c18ffba2994e62
O9-06_S5_L001_R1_001.fastq.gz	76d97e7b50ea69817b7009a3dc4196a2
O9-06_S5_L002_R1_001.fastq.gz	02e8b696622400d52092c8c312719210
O9-06_S5_L003_R1_001.fastq.gz	b6980a52ee4d0c2d198a9518bb8b96a7
O9-06_S5_L004_R1_001.fastq.gz	a573b1d9a9d1186c99457ecf7ea85a5d
O9-07_S2_L001_R1_001.fastq.gz	15fa486b2d4b819b05725423122a9a5f
O9-07_S2_L002_R1_001.fastq.gz	f3a705b8dbdac06a7129fc3786302a5d
O9-07_S2_L003_R1_001.fastq.gz	dfa6913b2db345dff8849a1126a9dca0
O9-07_S2_L004_R1_001.fastq.gz	7b4edaf4142b04712f36375a641df214
O9-08_S15_L005_R1_001.fastq.gz	5d09a87dc916accf8b790bb0980f09e0
O9-08_S15_L006_R1_001.fastq.gz	6bef2293a3c91b90e6a49d3e08375a30
O9-08_S15_L007_R1_001.fastq.gz	070293de07a98c0492fa1929232d8473
O9-08_S15_L008_R1_001.fastq.gz	58cf13701cb0b4de8e2ef0e319b71acf
O9-09_S7_L001_R1_001.fastq.gz	c85d279c2c636fd343a8ab83d15d51f0
O9-09_S7_L002_R1_001.fastq.gz	72616fb8c30ebefa4643e5f9d210f56c
O9-09_S7_L003_R1_001.fastq.gz	dcd5e645275a3c079e15475c88ca6207
O9-09_S7_L004_R1_001.fastq.gz	85e742396209bb6ad11d8cf15bf103fd
O9-10_S9_L005_R1_001.fastq.gz	1283e36a57fce81bcebeb24cf07aedc6
O9-10_S9_L006_R1_001.fastq.gz	8d8e19a91b2e6df32920cea04d5c8bad
O9-10_S9_L007_R1_001.fastq.gz	ffa68f78ecbcafca3dcce08cb73065e8
O9-10_S9_L008_R1_001.fastq.gz	28688708eb6a9787fc4042343aa1db16
O9-11_S10_L005_R1_001.fastq.gz	d6539aedd75f09ad86ebe3a53eee56bd
O9-11_S10_L006_R1_001.fastq.gz	c50b280c663e728959b1c709b3cfde9e
O9-11_S10_L007_R1_001.fastq.gz	698d10eb97ce6a5af10ba8fc47097f63
O9-11_S10_L008_R1_001.fastq.gz	7eedafc7c34a5d7020d975268feba1f2
O9-12_S14_L005_R1_001.fastq.gz	d1f5f58b36b00f96163a779ce3aef11d
O9-12_S14_L006_R1_001.fastq.gz	c9b926714df160256849e5cb5d8f2a78
O9-12_S14_L007_R1_001.fastq.gz	e624df9e3f1dc3d0d5899c46d6bf0c12
O9-12_S14_L008_R1_001.fastq.gz	271a50c63e946df0f3d4d0f60db7d4dd
O9-13_S8_L001_R1_001.fastq.gz	d35dd0701ed26b5be430a506780d3be8
O9-13_S8_L002_R1_001.fastq.gz	f27eaf9db06b6924315bfe1d6422fca4
O9-13_S8_L003_R1_001.fastq.gz	151d625c9c08f96a828a13e9fd06ad22
O9-13_S8_L004_R1_001.fastq.gz	8413d5dbdf56c03875592cc87eb4685c
O9-14_S3_L001_R1_001.fastq.gz	85bf8efdabc3e3e39bcb340e908eacd4
O9-14_S3_L002_R1_001.fastq.gz	bdef3edb3db6f7907345146d83932f2f
O9-14_S3_L003_R1_001.fastq.gz	d501434c260cf23e60006e080ad7bed1
O9-14_S3_L004_R1_001.fastq.gz	46aa69ad31c8fc503dffedf0d574ea14
O9-15_S13_L005_R1_001.fastq.gz	4aadf5979459fa38d23d61ef81a205e3
O9-15_S13_L006_R1_001.fastq.gz	d99ca14e59587f8fea79aefa3a75af28
O9-15_S13_L007_R1_001.fastq.gz	2643293e4770886fdab02b0c2dfca0ec
O9-15_S13_L008_R1_001.fastq.gz	56818d43d491b76d9fee25e729947d8a
O9-16_S4_L001_R1_001.fastq.gz	3b84641ef39260b62567dcef016b7fc5
O9-16_S4_L002_R1_001.fastq.gz	5094d989ad79981cde2cb46ff28885f3
O9-16_S4_L003_R1_001.fastq.gz	7c2b6694046a0e3f5ad6820468816093
O9-16_S4_L004_R1_001.fastq.gz	32df56b4573cf3d0d5ccb13cd13404bb
